name,author,star_rating,num_ratings,num_reviews,genres,first_published
The Seven Husbands of Evelyn Hugo,"[""Taylor Jenkins Reid""]",4.42,3132821.0,280099.0,"[""Fiction"",""Historical Fiction"",""LGBT"",""Contemporary"",""Audiobook"",""Queer"",""Historical"",""Adult"",""Lesbian"",""Adult Fiction""]",6/13/2017
It Ends with Us,"[""Colleen Hoover""]",4.16,3474615.0,255527.0,"[""Fiction"",""Contemporary"",""New Adult"",""Audiobook"",""Contemporary Romance"",""Adult"",""Abuse"",""Chick Lit"",""Young Adult"",""Love""]",8/2/2016
The Hunger Games,"[""Suzanne Collins""]",4.34,8782106.0,221068.0,"[""Young Adult"",""Fiction"",""Fantasy"",""Science Fiction"",""Audiobook"",""Teen"",""Post Apocalyptic"",""Action"",""Science Fiction Fantasy"",""Novels""]",9/14/2008
The Fault in Our Selves: An Examination of American History,"[""John Green""]",4.13,5203422.0,179976.0,"[""Young Adult"",""Fiction"",""Contemporary"",""Realistic Fiction"",""Teen"",""Coming Of Age"",""Novels"",""Love"",""Death"",""Young Adult Contemporary""]",1/10/2012
A Court of Mist and Fury,"[""Sarah J. Maas""]",4.65,2055157.0,176720.0,"[""Fantasy"",""Romance"",""Young Adult"",""New Adult"",""Fiction"",""Fae"",""Fantasy Romance"",""Audiobook"",""Magic"",""High Fantasy""]",5/3/2016
The Song of Achilles,"[""Madeline Miller""]",4.32,1537017.0,164959.0,"[""Fantasy"",""Historical Fiction"",""Romance"",""Fiction"",""Mythology"",""LGBT"",""Historical"",""Queer"",""Greek Mythology"",""Retellings""]",9/20/2011
Harry Potter and the Sorcerer’s Stone,"[""J.K. Rowling""]",4.47,10185493.0,164722.0,"[""Fantasy"",""Fiction"",""Young Adult"",""Magic"",""Childrens"",""Middle Grade"",""Audiobook"",""Adventure"",""Novels"",""Science Fiction Fantasy""]",6/26/1997
L'amore bugiardo - La versione di Nick,"[""Gillian Flynn""]",4.13,3129957.0,156298.0,"[""Fiction"",""Mystery"",""Thriller"",""Mystery Thriller"",""Crime"",""Suspense"",""Contemporary"",""Adult"",""Audiobook"",""Adult Fiction""]",12/6/2012
The Book Thief,"[""Markus Zusak""]",4.39,2592136.0,146385.0,"[""Historical Fiction"",""Fiction"",""Young Adult"",""Classics"",""Historical"",""War"",""World War II"",""Holocaust"",""Books About Books"",""Audiobook""]",9/1/2005
The Invisible Life of Addie LaRue,"[""Victoria Schwab""]",4.19,1110714.0,142773.0,"[""Fantasy"",""Fiction"",""Romance"",""Historical Fiction"",""Adult"",""Historical"",""Magical Realism"",""LGBT"",""Contemporary"",""Paranormal""]",10/6/2020
Twilight,"[""Stephenie Meyer""]",3.65,6653266.0,131731.0,"[""Fantasy"",""Young Adult"",""Romance"",""Fiction"",""Vampires"",""Paranormal"",""Paranormal Romance"",""Supernatural"",""Urban Fantasy"",""Teen""]",10/5/2005
Mockingjay,"[""Suzanne Collins""]",4.09,3270246.0,131525.0,"[""Young Adult"",""Dystopia"",""Fiction"",""Fantasy"",""Science Fiction"",""Romance"",""Adventure"",""Teen"",""Audiobook"",""Post Apocalyptic""]",8/24/2010
Ugly Love,"[""Colleen Hoover""]",4.04,1888572.0,129777.0,"[""Romance"",""Contemporary"",""New Adult"",""Fiction"",""Contemporary Romance"",""Audiobook"",""Adult"",""Chick Lit"",""Young Adult"",""Love""]",8/5/2014
The Girl on the Train,"[""Paula Hawkins""]",3.96,2977990.0,127790.0,"[""Fiction"",""Mystery"",""Thriller"",""Mystery Thriller"",""Crime"",""Suspense"",""Contemporary"",""Audiobook"",""Adult"",""Adult Fiction""]",1/13/2015
Catching Fire,"[""Suzanne Collins""]",4.33,3629896.0,126411.0,"[""Young Adult"",""Fiction"",""Fantasy"",""Science Fiction"",""Romance"",""Audiobook"",""Teen"",""Post Apocalyptic"",""Action"",""Science Fiction Fantasy""]",9/1/2009
The Alchemist,"[""Paulo Coelho""]",3.91,3105297.0,122999.0,"[""Fiction"",""Classics"",""Fantasy"",""Philosophy"",""Novels"",""Spirituality"",""Self Help"",""Literature"",""Adventure"",""Audiobook""]",1/1/1988
Divergent,"[""Veronica Roth""]",4.14,4019986.0,121481.0,"[""Young Adult"",""Dystopia"",""Fantasy"",""Fiction"",""Science Fiction"",""Romance"",""Teen"",""Action"",""Post Apocalyptic"",""Audiobook""]",4/25/2011
A Court of Wings and Ruin,"[""Sarah J. Maas""]",4.48,1702182.0,119644.0,"[""Fantasy"",""Romance"",""Young Adult"",""New Adult"",""Fiction"",""Fae"",""Fantasy Romance"",""Audiobook"",""Magic"",""High Fantasy""]",5/2/2017
1984,"[""George Orwell""]",4.19,4677735.0,119364.0,"[""Classics"",""Fiction"",""Science Fiction"",""Dystopia"",""Literature"",""Politics"",""Novels"",""School"",""Fantasy"",""Audiobook""]",6/8/1949
To Kill a Mockingbird,"[""Harper Lee""]",4.26,6205244.0,118955.0,"[""Classics"",""Fiction"",""Historical Fiction"",""School"",""Literature"",""Young Adult"",""Historical"",""Read For School"",""Novels"",""High School""]",7/11/1960
Pride and Prejudice,"[""Jane Austen""]",4.29,4310408.0,117742.0,"[""Fiction"",""Historical Fiction"",""Historical"",""Literature"",""Audiobook"",""Novels"",""Historical Romance"",""Adult"",""Classic Literature"",""School""]",1/28/1813
The Cruel Prince,"[""Holly Black""]",4.04,1274421.0,116018.0,"[""Fantasy"",""Young Adult"",""Romance"",""Fae"",""Fiction"",""Young Adult Fantasy"",""Magic"",""Fantasy Romance"",""Audiobook"",""Paranormal""]",1/2/2018
The Nightingale,"[""Kristin Hannah""]",4.63,1418629.0,114266.0,"[""Historical Fiction"",""Fiction"",""Historical"",""World War II"",""Audiobook"",""War"",""Romance"",""Adult"",""France"",""Book Club""]",2/3/2015
We Were Liars,"[""E. Lockhart""]",3.67,1164893.0,112575.0,"[""Young Adult"",""Mystery"",""Contemporary"",""Fiction"",""Romance"",""Thriller"",""Mystery Thriller"",""Realistic Fiction"",""Audiobook"",""Teen""]",5/13/2014
A Man Called Ove,"[""Fredrik Backman""]",4.38,1050356.0,110986.0,"[""Fiction"",""Contemporary"",""Audiobook"",""Humor"",""Adult"",""Book Club"",""Adult Fiction"",""Literary Fiction"",""Novels"",""Sweden""]",8/27/2012
Pride and Prejudice,"[""Jane Austen""]",4.28,4186157.0,110601.0,"[""Classics"",""Fiction"",""Romance"",""Historical Fiction"",""Historical"",""Literature"",""Audiobook"",""Novels"",""Historical Romance"",""Adult""]",1/28/1813
Throne of Glass,"[""Sarah J. Maas""]",4.18,1589431.0,109999.0,"[""Young Adult"",""Romance"",""Fiction"",""Magic"",""Young Adult Fantasy"",""High Fantasy"",""Fantasy"",""Fae"",""Fantasy Romance"",""Audiobook""]",8/7/2012
All the Light We Cannot See,"[""Anthony Doerr""]",4.32,1700759.0,109551.0,"[""Historical Fiction"",""Fiction"",""Historical"",""War"",""World War II"",""Audiobook"",""Adult"",""France"",""Book Club"",""Literary Fiction""]",5/6/2014
A ​Court of Silver Flames,"[""Sarah J. Maas""]",4.47,1223711.0,109180.0,"[""Fantasy"",""Romance"",""Fiction"",""Fantasy Romance"",""Fae"",""New Adult"",""Audiobook"",""Adult"",""Magic"",""Young Adult""]",2/16/2021
The Great Gatsby,"[""F. Scott Fitzgerald""]",3.93,5299600.0,107664.0,"[""Classics"",""Fiction"",""School"",""Historical Fiction"",""Romance"",""Literature"",""Novels"",""Read For School"",""High School"",""Historical""]",4/10/1925
Circe,"[""Madeline Miller""]",4.24,1085785.0,106394.0,"[""Fantasy"",""Fiction"",""Mythology"",""Historical Fiction"",""Greek Mythology"",""Retellings"",""Audiobook"",""Historical"",""Adult"",""Romance""]",4/10/2018
A Little Life,"[""Hanya Yanagihara""]",4.33,655379.0,106195.0,"[""Fiction"",""Contemporary"",""LGBT"",""Literary Fiction"",""Queer"",""Adult"",""Mental Health"",""Novels"",""Audiobook"",""Adult Fiction""]",3/10/2015
Six of Crows,"[""Leigh Bardugo""]",4.48,971645.0,104804.0,"[""Fantasy"",""Young Adult"",""Fiction"",""Young Adult Fantasy"",""LGBT"",""Adventure"",""Magic"",""High Fantasy"",""Audiobook"",""Queer""]",9/29/2015
Ready Player One,"[""Ernest Cline""]",4.23,1183295.0,103372.0,"[""Science Fiction"",""Fiction"",""Young Adult"",""Fantasy"",""Dystopia"",""Audiobook"",""Adventure"",""Science Fiction Fantasy"",""Cyberpunk"",""Adult""]",8/16/2011
The Great Gatsby,"[""F. Scott Fitzgerald""]",3.93,5132063.0,101655.0,"[""Classics"",""Fiction"",""School"",""Historical Fiction"",""Romance"",""Literature"",""Novels"",""Read For School"",""High School"",""American""]",4/10/1925
The Kite Runner,"[""Khaled Hosseini""]",4.34,3179231.0,99584.0,"[""Fiction"",""Historical Fiction"",""Contemporary"",""Novels"",""Historical"",""Literature"",""School"",""Adult"",""Literary Fiction"",""Adult Fiction""]",5/29/2003
Eleanor Oliphant Is Completely Fine,"[""Gail Honeyman""]",4.24,1248697.0,99331.0,"[""Fiction"",""Contemporary"",""Audiobook"",""Mental Health"",""Adult"",""Romance"",""Adult Fiction"",""Book Club"",""Literary Fiction"",""Novels""]",5/9/2017
Animal Farm,"[""George Orwell""]",3.99,3942636.0,99144.0,"[""Classics"",""Fiction"",""Dystopia"",""Fantasy"",""School"",""Literature"",""Science Fiction"",""Novels"",""Read For School"",""Philosophy""]",8/17/1945
The Handmaid’s Tale,"[""Margaret Atwood""]",4.14,2076512.0,98040.0,"[""Fiction"",""Classics"",""Dystopia"",""Science Fiction"",""Feminism"",""Fantasy"",""Adult"",""Audiobook"",""Literature"",""Novels""]",1/1/1985
Me Before You,"[""Jojo Moyes""]",4.26,1648388.0,97065.0,"[""Romance"",""Fiction"",""Contemporary"",""Chick Lit"",""Adult"",""Adult Fiction"",""Audiobook"",""Contemporary Romance"",""Drama"",""Realistic Fiction""]",12/31/2012
The Kite Runner,"[""Khaled Hosseini""]",4.34,3098025.0,95985.0,"[""Fiction"",""Historical Fiction"",""Classics"",""Contemporary"",""Novels"",""Historical"",""Literature"",""Adult"",""School"",""Literary Fiction""]",5/29/2003
The Perks of Being a Wallflower,"[""Stephen Chbosky""]",4.23,1817282.0,93368.0,"[""Young Adult"",""Fiction"",""Coming Of Age"",""Classics"",""Romance"",""Mental Health"",""Realistic Fiction"",""LGBT"",""Teen"",""Novels""]",2/1/1999
A Court of Frost and Starlight,"[""Sarah J. Maas""]",3.76,1296505.0,91375.0,"[""Fantasy"",""Romance"",""Young Adult"",""New Adult"",""Fiction"",""Fantasy Romance"",""Audiobook"",""Magic"",""Novella"",""High Fantasy""]",5/1/2018
Shatter Me,"[""Tahereh Mafi""]",3.86,919771.0,91370.0,"[""Dystopia"",""Young Adult"",""Fiction"",""Science Fiction"",""Paranormal"",""Young Adult Fantasy"",""Audiobook"",""Fantasy Romance"",""Supernatural"",""Post Apocalyptic""]",11/15/2011
The Help,"[""Kathryn Stockett""]",4.47,2793989.0,90886.0,"[""Fiction"",""Historical Fiction"",""Historical"",""Adult"",""Adult Fiction"",""Contemporary"",""Audiobook"",""Book Club"",""Chick Lit"",""Novels""]",2/10/2009
They Both Die at the End,"[""Adam Silvera""]",3.77,757383.0,88790.0,"[""Young Adult"",""Romance"",""LGBT"",""Fiction"",""Contemporary"",""Queer"",""Audiobook"",""Fantasy"",""Science Fiction"",""Gay""]",9/5/2017
November 9,"[""Colleen Hoover""]",4.14,1114492.0,87837.0,"[""Contemporary"",""New Adult"",""Fiction"",""Audiobook"",""Contemporary Romance"",""Young Adult"",""Adult"",""Chick Lit"",""Love"",""Drama""]",11/10/2015
Harry Potter and the Deathly Hallows,"[""J.K. Rowling""]",4.62,3750275.0,86847.0,"[""Fantasy"",""Young Adult"",""Fiction"",""Magic"",""Childrens"",""Adventure"",""Audiobook"",""Middle Grade"",""Classics"",""Science Fiction Fantasy""]",7/21/2007
The Catcher in the Rye,"[""J.D. Salinger""]",3.8,3560293.0,86736.0,"[""Classics"",""Fiction"",""Young Adult"",""Literature"",""School"",""Coming Of Age"",""Novels"",""High School"",""American"",""Read For School""]",7/16/1951
Shadow and Bone,"[""Leigh Bardugo""]",3.93,974275.0,85923.0,"[""Fantasy"",""Young Adult"",""Romance"",""Fiction"",""Young Adult Fantasy"",""Magic"",""High Fantasy"",""Adventure"",""Audiobook"",""Paranormal""]",6/5/2012
Harry Potter and the Prisoner of Azkaban,"[""J.K. Rowling""]",4.58,4250586.0,85815.0,"[""Fantasy"",""Fiction"",""Young Adult"",""Magic"",""Childrens"",""Middle Grade"",""Audiobook"",""Adventure"",""Classics"",""Science Fiction Fantasy""]",7/8/1999
The Secret History,"[""Donna Tartt""]",4.17,768365.0,84935.0,"[""Fiction"",""Mystery"",""Classics"",""Contemporary"",""Thriller"",""Literary Fiction"",""Mystery Thriller"",""Adult"",""Crime"",""Novels""]",9/16/1992
Fifty Shades of Grey,"[""E.L. James""]",3.66,2638456.0,84548.0,"[""Romance"",""Fiction"",""Erotica"",""BDSM"",""Adult"",""Contemporary"",""Contemporary Romance"",""Chick Lit"",""Erotic Romance"",""Adult Fiction""]",5/25/2011
Crown of Midnight,"[""Sarah J. Maas""]",4.36,1099036.0,82477.0,"[""Fantasy"",""Young Adult"",""Romance"",""Fiction"",""Magic"",""Young Adult Fantasy"",""Fae"",""High Fantasy"",""New Adult"",""Fantasy Romance""]",8/15/2013
Harry Potter and the Chamber of Secrets,"[""J.K. Rowling""]",4.43,3982918.0,81259.0,"[""Fantasy"",""Fiction"",""Young Adult"",""Magic"",""Childrens"",""Middle Grade"",""Audiobook"",""Adventure"",""Classics"",""Science Fiction Fantasy""]",7/2/1998
The Giver,"[""Lois Lowry""]",4.12,2513875.0,80353.0,"[""Young Adult"",""Fiction"",""Classics"",""Dystopia"",""Science Fiction"",""Fantasy"",""School"",""Middle Grade"",""Childrens"",""Read For School""]",4/26/1993
The Selection,"[""Kiera Cass""]",4.08,1577752.0,79921.0,"[""Romance"",""Young Adult"",""Dystopia"",""Fantasy"",""Fiction"",""Science Fiction"",""Audiobook"",""Teen"",""Young Adult Fantasy"",""Chick Lit""]",4/24/2012
House of Earth and Blood,"[""Sarah J. Maas""]",4.48,727694.0,78713.0,"[""Romance"",""Fiction"",""Urban Fantasy"",""Fantasy Romance"",""Adult"",""New Adult"",""Magic"",""Paranormal"",""Audiobook"",""Angels""]",3/3/2020
The Girl with the Dragon Tattoo,"[""Stieg Larsson""]",4.17,3209389.0,78265.0,"[""Fiction"",""Mystery"",""Thriller"",""Crime"",""Mystery Thriller"",""Suspense"",""Contemporary"",""Adult"",""Sweden"",""Audiobook""]",8/1/2005
A Thousand Splendid Suns,"[""Khaled Hosseini""]",4.43,1549381.0,78211.0,"[""Fiction"",""Historical Fiction"",""Historical"",""Novels"",""Classics"",""War"",""Adult"",""Drama"",""Literary Fiction"",""Adult Fiction""]",5/1/2007
Eleanor & Park,"[""Rainbow Rowell""]",3.94,1181316.0,78193.0,"[""Young Adult"",""Romance"",""Fiction"",""Contemporary"",""Realistic Fiction"",""Audiobook"",""Coming Of Age"",""Teen"",""Young Adult Contemporary"",""High School""]",4/12/2012
The Goldfinch,"[""Donna Tartt""]",3.95,936037.0,77956.0,"[""Fiction"",""Contemporary"",""Literary Fiction"",""Audiobook"",""Mystery"",""Art"",""Adult"",""Novels"",""Coming Of Age"",""Adult Fiction""]",9/23/2013
Wonder by R. J. Palacio,"[""R.J. Palacio""]",4.37,1099669.0,76577.0,"[""Young Adult"",""Fiction"",""Middle Grade"",""Contemporary"",""Realistic Fiction"",""Childrens"",""School"",""Coming Of Age"",""Family"",""Novels""]",2/14/2012
City of Bones,"[""Cassandra Clare""]",4.07,2014036.0,76470.0,"[""Fantasy"",""Young Adult"",""Romance"",""Paranormal"",""Urban Fantasy"",""Fiction"",""Vampires"",""Supernatural"",""Young Adult Fantasy"",""Magic""]",3/27/2007
Looking for Alaska,"[""John Green""]",3.97,1616902.0,76364.0,"[""Young Adult"",""Fiction"",""Contemporary"",""Romance"",""Realistic Fiction"",""Coming Of Age"",""Teen"",""Mystery"",""High School"",""Young Adult Contemporary""]",3/3/2005
The Hate U Give,"[""Angie Thomas""]",4.47,912287.0,76220.0,"[""Young Adult"",""Fiction"",""Contemporary"",""Audiobook"",""Realistic Fiction"",""Race"",""Social Justice"",""Coming Of Age"",""Teen"",""Young Adult Contemporary""]",2/28/2017
Fahrenheit 451,"[""Ray Bradbury""]",3.97,2452808.0,75440.0,"[""Fiction"",""Science Fiction"",""Dystopia"",""Classics"",""School"",""Literature"",""Novels"",""Fantasy"",""Audiobook"",""Read For School""]",10/19/1953
The Wicked King,"[""Holly Black""]",4.3,791207.0,74675.0,"[""Fantasy"",""Young Adult"",""Romance"",""Fae"",""Young Adult Fantasy"",""Fiction"",""Magic"",""Fantasy Romance"",""Audiobook"",""Fairies""]",1/8/2019
Harry Potter and the Cursed Child: Parts One and Two,"[""J.K. Rowling""]",3.49,1032966.0,74338.0,"[""Fantasy"",""Fiction"",""Young Adult"",""Plays"",""Magic"",""Adventure"",""Middle Grade"",""Time Travel"",""Childrens"",""Young Adult Fantasy""]",7/31/2016
Aristotle and Dante Discover the Secrets of the Universe,"[""Benjamin Alire Sáenz""]",4.31,611215.0,73308.0,"[""Young Adult"",""LGBT"",""Contemporary"",""Fiction"",""Queer"",""Audiobook"",""Coming Of Age"",""Realistic Fiction"",""Gay"",""Young Adult Contemporary""]",2/21/2012
Crooked Kingdom,"[""Leigh Bardugo""]",4.59,653957.0,73197.0,"[""Fantasy"",""Young Adult"",""Fiction"",""Romance"",""Young Adult Fantasy"",""LGBT"",""Magic"",""Adventure"",""High Fantasy"",""Queer""]",9/27/2016
Caraval,"[""Stephanie Garber""]",3.98,556752.0,72877.0,"[""Fantasy"",""Young Adult"",""Romance"",""Fiction"",""Mystery"",""Young Adult Fantasy"",""Magic"",""Audiobook"",""Fantasy Romance"",""Adventure""]",9/29/2016
"The Hobbit, Mr Baggins and the Return to Bag-End: Boxed Set","[""J.R.R. Tolkien""]",4.29,4033152.0,72752.0,"[""Fantasy"",""Classics"",""Fiction"",""Adventure"",""Young Adult"",""High Fantasy"",""Science Fiction Fantasy"",""Audiobook"",""Childrens"",""Novels""]",9/21/1937
The Great Alone,"[""Kristin Hannah""]",4.42,819193.0,72688.0,"[""Fiction"",""Historical Fiction"",""Audiobook"",""Romance"",""Historical"",""Adult"",""Adult Fiction"",""Contemporary"",""Book Club"",""Family""]",2/6/2018
ภาพวาดโดเรียน เกรย์,"[""Oscar Wilde""]",4.13,1563843.0,72361.0,"[""Classics"",""Fiction"",""Horror"",""Fantasy"",""Gothic"",""Literature"",""Novels"",""LGBT"",""19th Century"",""Audiobook""]",6/1/1890
Heir of Fire,"[""Sarah J. Maas""]",4.46,956190.0,72206.0,"[""Fantasy"",""Young Adult"",""Romance"",""Magic"",""Fiction"",""Fae"",""Young Adult Fantasy"",""High Fantasy"",""New Adult"",""Fantasy Romance""]",9/2/2014
Allegiant,"[""Veronica Roth""]",3.6,1063421.0,71519.0,"[""Young Adult"",""Dystopia"",""Fiction"",""Fantasy"",""Science Fiction"",""Romance"",""Adventure"",""Teen"",""Audiobook"",""Post Apocalyptic""]",10/22/2013
The Hating Game,"[""Sally  Thorne""]",3.89,728279.0,71207.0,"[""Romance"",""Contemporary"",""Contemporary Romance"",""Fiction"",""Chick Lit"",""Adult"",""Audiobook"",""New Adult"",""Humor"",""Adult Fiction""]",8/9/2016
Harry Potter and the Goblet of Fire,"[""J.K. Rowling""]",4.57,3745651.0,70722.0,"[""Fantasy"",""Young Adult"",""Fiction"",""Magic"",""Childrens"",""Audiobook"",""Middle Grade"",""Adventure"",""Classics"",""Science Fiction Fantasy""]",7/8/2000
One of Us Is Lying,"[""Karen M. McManus""]",3.93,870547.0,70610.0,"[""Mystery"",""Young Adult"",""Thriller"",""Fiction"",""Contemporary"",""Mystery Thriller"",""Romance"",""Crime"",""Audiobook"",""Murder Mystery""]",5/30/2017
Cinder,"[""Marissa Meyer""]",4.13,934878.0,70226.0,"[""Fantasy"",""Young Adult"",""Science Fiction"",""Romance"",""Retellings"",""Fiction"",""Dystopia"",""Fairy Tales"",""Audiobook"",""Young Adult Fantasy""]",1/3/2012
The Queen of Nothing,"[""Holly Black""]",4.36,712350.0,70022.0,"[""Fantasy"",""Young Adult"",""Romance"",""Fae"",""Young Adult Fantasy"",""Fiction"",""Magic"",""Fantasy Romance"",""Audiobook"",""Fairies""]",11/19/2019
Red Queen,"[""Victoria Aveyard""]",4.0,1030319.0,69779.0,"[""Young Adult"",""Dystopia"",""Romance"",""Fiction"",""Young Adult Fantasy"",""Magic"",""Audiobook"",""Science Fiction"",""High Fantasy"",""Fantasy Romance""]",2/10/2015
El principito,"[""Antoine de Saint-Exupéry""]",4.33,2140584.0,69576.0,"[""Fiction"",""Fantasy"",""Childrens"",""France"",""Philosophy"",""Young Adult"",""Literature"",""Middle Grade"",""French Literature"",""School""]",4/6/1943
Dune,"[""Frank Herbert""]",4.27,1401233.0,68556.0,"[""Science Fiction"",""Fiction"",""Fantasy"",""Science Fiction Fantasy"",""Classics"",""Audiobook"",""Novels"",""Adventure"",""Adult"",""Space""]",6/1/1965
The Summer I Turned Pretty,"[""Jenny Han""]",3.76,811193.0,67393.0,"[""Romance"",""Young Adult"",""Contemporary"",""Fiction"",""Audiobook"",""Chick Lit"",""Realistic Fiction"",""Young Adult Romance"",""Coming Of Age"",""Contemporary Romance""]",5/5/2009
Sharp Objects,"[""Gillian Flynn""]",4.02,1061674.0,67213.0,"[""Mystery"",""Fiction"",""Thriller"",""Mystery Thriller"",""Crime"",""Audiobook"",""Suspense"",""Adult"",""Contemporary"",""Horror""]",9/26/2006
Miss Peregrine's Home for Peculiar Children,"[""Ransom Riggs""]",3.92,1273367.0,67011.0,"[""Fantasy"",""Young Adult"",""Fiction"",""Paranormal"",""Mystery"",""Horror"",""Historical Fiction"",""Time Travel"",""Supernatural"",""Audiobook""]",6/7/2011
Jane Eyre,"[""Charlotte Brontë""]",4.15,2111064.0,66362.0,"[""Fiction"",""Classics"",""Historical Fiction"",""Gothic"",""Literature"",""Historical"",""School"",""Novels"",""Classic Literature"",""19th Century""]",10/16/1847
And Then There Were None,"[""Agatha Christie""]",4.28,1380887.0,66154.0,"[""Mystery"",""Fiction"",""Thriller"",""Crime"",""Mystery Thriller"",""Classics"",""Audiobook"",""Adult"",""Suspense"",""Murder Mystery""]",11/6/1939
The Maze Runner,"[""James Dashner""]",4.05,1544559.0,66076.0,"[""Young Adult"",""Dystopia"",""Science Fiction"",""Fiction"",""Fantasy"",""Post Apocalyptic"",""Teen"",""Audiobook"",""Action"",""Thriller""]",10/6/2009
Harry Potter and the Order of the Phoenix,"[""J.K. Rowling""]",4.5,3423872.0,65009.0,"[""Young Adult"",""Fiction"",""Magic"",""Childrens"",""Audiobook"",""Adventure"",""Middle Grade"",""Classics"",""Science Fiction Fantasy"",""Young Adult Fantasy""]",6/21/2003
Frankenstein: The 1818 Text,"[""Mary Wollstonecraft Shelley""]",3.87,1619886.0,64615.0,"[""Horror"",""Fiction"",""Science Fiction"",""Gothic"",""Fantasy"",""School"",""Literature"",""Novels"",""Read For School"",""19th Century""]",1/1/1818
A Game of Thrones,"[""George R.R. Martin""]",4.44,2513391.0,64198.0,"[""Fantasy"",""Fiction"",""Epic Fantasy"",""High Fantasy"",""Adult"",""Science Fiction Fantasy"",""Adventure"",""Audiobook"",""Dragons"",""Novels""]",8/6/1996
The Glass Castle,"[""Jeannette Walls""]",4.32,1229531.0,64101.0,"[""Nonfiction"",""Memoir"",""Biography"",""Biography Memoir"",""Autobiography"",""Book Club"",""Audiobook"",""Adult"",""School"",""Contemporary""]",1/1/2005
Insurgent,"[""Veronica Roth""]",3.97,1513412.0,63852.0,"[""Young Adult"",""Dystopia"",""Fantasy"",""Fiction"",""Science Fiction"",""Romance"",""Adventure"",""Teen"",""Audiobook"",""Post Apocalyptic""]",5/1/2012
Wuthering Heights,"[""Emily Brontë""]",3.89,1827946.0,63405.0,"[""Classics"",""Fiction"",""Romance"",""Gothic"",""Historical Fiction"",""Literature"",""Historical"",""19th Century"",""Novels"",""Classic Literature""]",12/1/1847
Jane Eyre,"[""Charlotte Brontë""]",4.15,2067581.0,62958.0,"[""Classics"",""Fiction"",""Historical Fiction"",""Gothic"",""Literature"",""Historical"",""School"",""Novels"",""19th Century"",""Classic Literature""]",10/16/1847
Water for Elephants,"[""Sara Gruen""]",4.11,1625798.0,62880.0,"[""Fiction"",""Historical Fiction"",""Romance"",""Historical"",""Adult"",""Adult Fiction"",""Contemporary"",""Book Club"",""Audiobook"",""Novels""]",5/22/2006
Kingdom of Ash,"[""Sarah J. Maas""]",4.69,600292.0,62745.0,"[""Young Adult"",""Romance"",""Fae"",""New Adult"",""Fiction"",""Magic"",""Fantasy"",""Young Adult Fantasy"",""High Fantasy"",""Fantasy Romance""]",10/23/2018
The Guernsey Literary and Potato Peel Pie Society,"[""Mary Ann Shaffer""]",4.19,759077.0,62654.0,"[""Historical Fiction"",""Fiction"",""Romance"",""Historical"",""World War II"",""Book Club"",""War"",""Books About Books"",""Audiobook"",""Adult""]",7/29/2008
Dark Matter,"[""Blake Crouch""]",4.14,529364.0,62527.0,"[""Science Fiction"",""Fiction"",""Thriller"",""Mystery"",""Audiobook"",""Mystery Thriller"",""Fantasy"",""Adult"",""Suspense"",""Science Fiction Fantasy""]",7/26/2016
Queen of Shadows,"[""Sarah J. Maas""]",4.61,845404.0,62090.0,"[""Young Adult"",""Romance"",""Fae"",""Magic"",""Fiction"",""Young Adult Fantasy"",""New Adult"",""High Fantasy"",""Fantasy Romance"",""Audiobook""]",9/1/2015
The Subtle Art of Not Giving a F*ck: A Counterintuitive Approach to Living a Good Life,"[""Mark Manson""]",3.89,1146392.0,61544.0,"[""Nonfiction"",""Self Help"",""Psychology"",""Audiobook"",""Personal Development"",""Philosophy"",""Business"",""Mental Health"",""Humor"",""Unfinished""]",1/1/2016
The Road,"[""Cormac McCarthy""]",3.99,916988.0,60664.0,"[""Fiction"",""Science Fiction"",""Dystopia"",""Post Apocalyptic"",""Horror"",""Literature"",""Novels"",""Apocalyptic"",""Contemporary"",""Literary Fiction""]",9/26/2006
The Woman in the Window,"[""A.J. Finn""]",3.95,792404.0,60527.0,"[""Thriller"",""Mystery"",""Fiction"",""Mystery Thriller"",""Suspense"",""Crime"",""Adult"",""Psychological Thriller"",""Contemporary"",""Adult Fiction""]",1/2/2018
My Year of Rest and Relaxation,"[""Ottessa Moshfegh""]",3.64,413584.0,60427.0,"[""Fiction"",""Contemporary"",""Literary Fiction"",""Mental Health"",""Audiobook"",""Adult"",""Novels"",""Adult Fiction"",""Womens"",""New York""]",7/10/2018
The Ocean at the End of the Lane,"[""Neil Gaiman""]",4.02,624885.0,60218.0,"[""Fantasy"",""Fiction"",""Magical Realism"",""Horror"",""Audiobook"",""Young Adult"",""Adult"",""Science Fiction Fantasy"",""Paranormal"",""Adult Fiction""]",6/18/2013
A Gentleman in Moscow,"[""Amor Towles""]",4.33,560188.0,59917.0,"[""Historical Fiction"",""Fiction"",""Historical"",""Russia"",""Audiobook"",""Book Club"",""Literary Fiction"",""Novels"",""Adult"",""Adult Fiction""]",9/6/2016
The Assassin's Blade,"[""Sarah J. Maas""]",4.23,648730.0,59791.0,"[""Young Adult"",""Romance"",""Fiction"",""Young Adult Fantasy"",""High Fantasy"",""Short Stories"",""Audiobook"",""Fae"",""Fantasy"",""Novella""]",3/4/2014
The Bell Jar,"[""Sylvia Plath""]",4.06,987915.0,59429.0,"[""Fiction"",""Feminism"",""Classics"",""Mental Health"",""Psychology"",""Literature"",""Literary Fiction"",""Poetry"",""Mental Illness"",""Novels""]",1/1/1963
Station Eleven,"[""Emily St. John Mandel""]",4.07,527063.0,59334.0,"[""Fiction"",""Science Fiction"",""Dystopia"",""Post Apocalyptic"",""Audiobook"",""Fantasy"",""Adult"",""Literary Fiction"",""Apocalyptic"",""Adult Fiction""]",8/26/2014
Empire of Storms,"[""Sarah J. Maas""]",4.62,718093.0,59262.0,"[""Fantasy"",""Young Adult"",""Romance"",""New Adult"",""Fae"",""Fiction"",""Magic"",""Young Adult Fantasy"",""High Fantasy"",""Fantasy Romance""]",9/6/2016
Harry Potter and the Half-Blood Prince,"[""J.K. Rowling""]",4.58,3314374.0,58988.0,"[""Fantasy"",""Young Adult"",""Fiction"",""Magic"",""Childrens"",""Audiobook"",""Adventure"",""Middle Grade"",""Classics"",""Science Fiction Fantasy""]",7/16/2005
Siege and Storm,"[""Leigh Bardugo""]",3.82,618067.0,58624.0,"[""Fantasy"",""Young Adult"",""Romance"",""Fiction"",""Young Adult Fantasy"",""Magic"",""High Fantasy"",""Adventure"",""Audiobook"",""Paranormal""]",6/4/2013
"Eat, Pray, Love","[""Elizabeth Gilbert""]",3.63,1755101.0,58580.0,"[""Nonfiction"",""Memoir"",""Travel"",""Biography"",""Romance"",""Chick Lit"",""Spirituality"",""Biography Memoir"",""Contemporary"",""Autobiography""]",2/16/2006
New Moon,"[""Stephenie Meyer""]",3.6,1945814.0,58528.0,"[""Fantasy"",""Young Adult"",""Romance"",""Vampires"",""Fiction"",""Paranormal"",""Paranormal Romance"",""Supernatural"",""Werewolves"",""Urban Fantasy""]",9/6/2006
One True Loves,"[""Taylor Jenkins Reid""]",4.05,520079.0,57766.0,"[""Romance"",""Fiction"",""Contemporary"",""Audiobook"",""Chick Lit"",""Adult"",""Contemporary Romance"",""Adult Fiction"",""Drama"",""Love""]",6/7/2016
Atomic Habits: An Easy & Proven Way to Build Good Habits & Break Bad Ones,"[""James Clear""]",4.35,910974.0,57513.0,"[""Nonfiction"",""Self Help"",""Psychology"",""Personal Development"",""Productivity"",""Audiobook"",""Business"",""Leadership"",""Health"",""Science""]",10/16/2018
The Deal,"[""Elle Kennedy""]",4.23,754468.0,57237.0,"[""Romance"",""New Adult"",""Sports Romance"",""Sports"",""Contemporary"",""College"",""Contemporary Romance"",""Hockey"",""Fiction"",""Adult""]",2/24/2015
Lord of the Flies,"[""William Golding""]",3.69,2933383.0,57096.0,"[""Fiction"",""Classics"",""Young Adult"",""School"",""Literature"",""Dystopia"",""Read For School"",""Novels"",""High School"",""Adventure""]",9/17/1954
Born a Crime: Stories From a South African Childhood,"[""Trevor Noah""]",4.49,706480.0,57081.0,"[""Nonfiction"",""Memoir"",""Biography"",""Audiobook"",""Humor"",""Autobiography"",""Africa"",""Biography Memoir"",""Race"",""South Africa""]",11/15/2016
Thirteen Reasons Why,"[""Jay Asher""]",3.85,977483.0,56787.0,"[""Young Adult"",""Fiction"",""Contemporary"",""Realistic Fiction"",""Mystery"",""Mental Health"",""Teen"",""Romance"",""Audiobook"",""High School""]",10/18/2007
Paper Towns,"[""John Green""]",3.71,1373048.0,56368.0,"[""Young Adult"",""Fiction"",""Contemporary"",""Romance"",""Mystery"",""Realistic Fiction"",""Coming Of Age"",""Teen"",""Adventure"",""High School""]",10/16/2008
The Curious Incident of the Dog in the Night-Time,"[""Mark Haddon""]",3.89,1491090.0,56235.0,"[""Fiction"",""Mystery"",""Young Adult"",""Classics"",""Autistic Spectrum Disorder"",""Novels"",""Contemporary"",""School"",""Psychology"",""Literature""]",7/31/2003
The Da Vinci Code,"[""Dan       Brown""]",3.92,2370052.0,55349.0,"[""Fiction"",""Mystery"",""Thriller"",""Mystery Thriller"",""Historical Fiction"",""Suspense"",""Adventure"",""Crime"",""Novels"",""Adult""]",3/18/2003
Big Little Lies,"[""Liane Moriarty""]",4.31,1017641.0,55318.0,"[""Fiction"",""Mystery"",""Contemporary"",""Chick Lit"",""Thriller"",""Audiobook"",""Mystery Thriller"",""Adult"",""Adult Fiction"",""Book Club""]",12/25/2014
Ruin and Rising,"[""Leigh Bardugo""]",3.99,531376.0,55139.0,"[""Fantasy"",""Young Adult"",""Romance"",""Fiction"",""Young Adult Fantasy"",""Magic"",""High Fantasy"",""Adventure"",""Audiobook"",""Paranormal""]",6/17/2014
The Name of the Wind,"[""Patrick Rothfuss""]",4.52,974362.0,54915.0,"[""Fantasy"",""Fiction"",""Epic Fantasy"",""High Fantasy"",""Magic"",""Science Fiction Fantasy"",""Adult"",""Adventure"",""Audiobook"",""Epic""]",3/27/2007
Outlander,"[""Diana Gabaldon""]",4.26,1065670.0,54554.0,"[""Historical Fiction"",""Romance"",""Fantasy"",""Fiction"",""Time Travel"",""Historical"",""Historical Romance"",""Adult"",""Audiobook"",""Scotland""]",6/1/1991
Never Let Me Go,"[""Kazuo Ishiguro""]",3.85,707592.0,54478.0,"[""Fiction"",""Science Fiction"",""Dystopia"",""Contemporary"",""Literary Fiction"",""Romance"",""Classics"",""Novels"",""Adult"",""Literature""]",4/5/2005
The Final Empire,"[""Brandon Sanderson""]",4.48,712738.0,54397.0,"[""Fantasy"",""Fiction"",""High Fantasy"",""Epic Fantasy"",""Adult"",""Magic"",""Audiobook"",""Science Fiction Fantasy"",""Young Adult"",""Adventure""]",7/17/2006
Sapiens: A Brief History of Humankind,"[""Yuval Noah Harari""]",4.36,1050061.0,54359.0,"[""Nonfiction"",""History"",""Science"",""Philosophy"",""Anthropology"",""Audiobook"",""Psychology"",""Sociology"",""Historical"",""Evolution""]",1/1/2011
Archer's Voice,"[""Mia Sheridan""]",4.22,483073.0,54181.0,"[""Romance"",""Contemporary"",""New Adult"",""Contemporary Romance"",""Fiction"",""Adult"",""Disability"",""Audiobook"",""Love"",""Drama""]",1/25/2014
Breaking Dawn,"[""Stephenie Meyer""]",3.74,1725019.0,54107.0,"[""Fantasy"",""Young Adult"",""Romance"",""Vampires"",""Fiction"",""Paranormal"",""Paranormal Romance"",""Supernatural"",""Werewolves"",""Urban Fantasy""]",8/2/2008
Of Mice and Men,"[""John Steinbeck""]",3.89,2574513.0,54016.0,"[""Fiction"",""Classics"",""School"",""Historical Fiction"",""Literature"",""Read For School"",""Novels"",""High School"",""American"",""Historical""]",2/25/1937
Then She Was Gone,"[""Lisa Jewell""]",4.05,710687.0,53915.0,"[""Thriller"",""Mystery"",""Fiction"",""Mystery Thriller"",""Audiobook"",""Suspense"",""Crime"",""Adult"",""Contemporary"",""Psychological Thriller""]",7/27/2017
The Time Traveler’s Wife,"[""Audrey Niffenegger""]",3.99,1794455.0,53894.0,"[""Fiction"",""Romance"",""Fantasy"",""Time Travel"",""Science Fiction"",""Contemporary"",""Adult"",""Chick Lit"",""Magical Realism"",""Adult Fiction""]",1/1/2003
Life of Pi,"[""Yann Martel""]",3.94,1637653.0,53828.0,"[""Fiction"",""Fantasy"",""Classics"",""Adventure"",""Magical Realism"",""Novels"",""Literature"",""Philosophy"",""Literary Fiction"",""Young Adult""]",9/11/2001
If He Had Been with Me,"[""Laura Nowlin""]",3.83,364661.0,53463.0,"[""Romance"",""Young Adult"",""Contemporary"",""Fiction"",""Audiobook"",""Mental Health"",""Realistic Fiction"",""Coming Of Age"",""Contemporary Romance"",""Love""]",4/1/2013
Ignite Me,"[""Tahereh Mafi""]",4.46,497842.0,53308.0,"[""Fantasy"",""Dystopia"",""Young Adult"",""Romance"",""Science Fiction"",""Fiction"",""Paranormal"",""New Adult"",""Young Adult Fantasy"",""Audiobook""]",2/4/2014
Unravel Me,"[""Tahereh Mafi""]",4.14,566711.0,53037.0,"[""Fantasy"",""Dystopia"",""Young Adult"",""Romance"",""Science Fiction"",""Fiction"",""Paranormal"",""Young Adult Fantasy"",""Audiobook"",""New Adult""]",2/5/2013
Little Women,"[""Louisa May Alcott""]",4.16,2256953.0,52960.0,"[""Fiction"",""Historical Fiction"",""Young Adult"",""Romance"",""Historical"",""Literature"",""Childrens"",""Audiobook"",""Classic Literature"",""Coming Of Age""]",9/30/1868
If We Were Villains,"[""M.L. Rio""]",4.16,286693.0,52680.0,"[""Mystery"",""Fiction"",""Thriller"",""Mystery Thriller"",""Contemporary"",""LGBT"",""Adult"",""Queer"",""Crime"",""Audiobook""]",4/11/2017
When Breath Becomes Air,"[""Paul Kalanithi""]",4.4,682293.0,52178.0,"[""Nonfiction"",""Memoir"",""Biography"",""Medicine"",""Medical"",""Audiobook"",""Autobiography"",""Philosophy"",""Biography Memoir"",""Science""]",1/12/2016
The Shadow of the Wind,"[""Carlos Ruiz Zafón""]",4.3,643735.0,52175.0,"[""Fiction"",""Historical Fiction"",""Mystery"",""Fantasy"",""Books About Books"",""Historical"",""Spain"",""Magical Realism"",""Spanish Literature"",""Gothic""]",1/1/2005
Beartown,"[""Fredrik Backman""]",4.29,453094.0,52114.0,"[""Fiction"",""Contemporary"",""Audiobook"",""Sports"",""Adult"",""Literary Fiction"",""Adult Fiction"",""Book Club"",""Sweden"",""Realistic Fiction""]",9/15/2016
L'Etranger,"[""Albert Camus""]",4.02,1121478.0,52054.0,"[""Classics"",""Fiction"",""Philosophy"",""France"",""Literature"",""Novels"",""French Literature"",""School"",""Literary Fiction"",""20th Century""]",5/19/1942
Turtles All the Way Down,"[""John Green""]",3.89,577707.0,51975.0,"[""Young Adult"",""Fiction"",""Contemporary"",""Mental Health"",""Romance"",""Audiobook"",""Realistic Fiction"",""Mystery"",""Mental Illness"",""Young Adult Contemporary""]",10/10/2017
All the Bright Places,"[""Jennifer Niven""]",4.12,572908.0,51707.0,"[""Young Adult"",""Romance"",""Contemporary"",""Fiction"",""Mental Health"",""Realistic Fiction"",""Mental Illness"",""Audiobook"",""Young Adult Contemporary"",""Teen""]",1/6/2015
Atomic Habits: An Easy & Proven Way to Build Good Habits & Break Bad Ones,"[""James Clear""]",4.36,808345.0,51405.0,"[""Nonfiction"",""Self Help"",""Psychology"",""Personal Development"",""Productivity"",""Audiobook"",""Business"",""Leadership"",""Health"",""Science""]",10/16/2018
Unbroken: An Olympian's Journey from Airman to Castaway to Captive,"[""Laura Hillenbrand""]",4.38,948723.0,51285.0,"[""Nonfiction"",""History"",""Biography"",""World War II"",""War"",""Historical"",""Audiobook"",""Memoir"",""Biography Memoir"",""Military Fiction""]",11/16/2010
Room,"[""Emma Donoghue""]",4.08,807571.0,50901.0,"[""Fiction"",""Contemporary"",""Adult"",""Thriller"",""Adult Fiction"",""Audiobook"",""Book Club"",""Crime"",""Drama"",""Literary Fiction""]",8/20/2010
Tower of Dawn,"[""Sarah J. Maas""]",4.27,586822.0,50693.0,"[""Young Adult"",""Romance"",""New Adult"",""Fiction"",""Fae"",""Magic"",""Fantasy"",""Young Adult Fantasy"",""High Fantasy"",""Fantasy Romance""]",9/5/2017
The Sea of Monsters,"[""Rick Riordan""]",4.24,1195669.0,50310.0,"[""Fantasy"",""Young Adult"",""Mythology"",""Fiction"",""Middle Grade"",""Adventure"",""Greek Mythology"",""Childrens"",""Urban Fantasy"",""Audiobook""]",4/1/2006
To All the Boys I've Loved Before,"[""Jenny Han""]",4.04,914788.0,50261.0,"[""Romance"",""Contemporary"",""Young Adult"",""Fiction"",""Audiobook"",""Chick Lit"",""Realistic Fiction"",""Young Adult Contemporary"",""Young Adult Romance"",""High School""]",4/15/2014
Ender’s Game,"[""Orson Scott Card""]",4.31,1385549.0,50167.0,"[""Science Fiction"",""Fiction"",""Young Adult"",""Fantasy"",""Classics"",""Science Fiction Fantasy"",""Dystopia"",""War"",""Audiobook"",""Adventure""]",1/15/1985
Everything I Never Told You,"[""Celeste Ng""]",3.84,558226.0,49598.0,"[""Fiction"",""Contemporary"",""Mystery"",""Historical Fiction"",""Audiobook"",""Literary Fiction"",""Adult"",""Adult Fiction"",""Family"",""Mystery Thriller""]",6/26/2014
"Everything, Everything","[""Nicola Yoon""]",3.97,628085.0,49550.0,"[""Young Adult"",""Contemporary"",""Fiction"",""Realistic Fiction"",""Audiobook"",""Young Adult Contemporary"",""Teen"",""Coming Of Age"",""Young Adult Romance"",""Contemporary Romance""]",9/1/2015
11/22/63,"[""Stephen King""]",4.34,549222.0,48968.0,"[""Fiction"",""Historical Fiction"",""Science Fiction"",""Time Travel"",""Horror"",""Fantasy"",""Thriller"",""Audiobook"",""Historical"",""Mystery""]",11/8/2011
Brave New World,"[""Aldous Huxley""]",3.99,1876611.0,48911.0,"[""Classics"",""Fiction"",""Science Fiction"",""Dystopia"",""Literature"",""Novels"",""School"",""Fantasy"",""Philosophy"",""Audiobook""]",1/1/1932
"Where'd You Go, Bernadette","[""Maria Semple""]",3.88,575993.0,48879.0,"[""Fiction"",""Contemporary"",""Humor"",""Mystery"",""Audiobook"",""Chick Lit"",""Adult"",""Adult Fiction"",""Book Club"",""Novels""]",8/14/2012
Behind Closed Doors,"[""B.A. Paris""]",3.98,618319.0,48412.0,"[""Thriller"",""Fiction"",""Mystery"",""Mystery Thriller"",""Suspense"",""Audiobook"",""Psychological Thriller"",""Adult"",""Crime"",""Contemporary""]",8/9/2016
The Outsiders,"[""S.E. Hinton""]",4.13,1364962.0,48283.0,"[""Classics"",""Young Adult"",""Fiction"",""School"",""Read For School"",""Coming Of Age"",""Realistic Fiction"",""Historical Fiction"",""Contemporary"",""Childrens""]",4/24/1967
A Thousand Boy Kisses,"[""Tillie Cole""]",4.08,314701.0,48196.0,"[""Romance"",""Young Adult"",""Contemporary"",""Fiction"",""Contemporary Romance"",""Audiobook"",""High School"",""Young Adult Romance"",""Love"",""New Adult""]",3/15/2016
Conversations with Friends,"[""Sally Rooney""]",3.76,486808.0,47992.0,"[""Fiction"",""Contemporary"",""Romance"",""Literary Fiction"",""LGBT"",""Audiobook"",""Ireland"",""Queer"",""Adult"",""Novels""]",5/25/2017
American Gods,"[""Neil Gaiman""]",4.11,940826.0,47744.0,"[""Fantasy"",""Fiction"",""Mythology"",""Urban Fantasy"",""Audiobook"",""Science Fiction"",""Science Fiction Fantasy"",""Adult"",""Contemporary"",""Horror""]",6/19/2001
Dracula: A Coloring Classic,"[""Bram Stoker""]",4.01,1290285.0,47351.0,"[""Horror"",""Fiction"",""Fantasy"",""Vampires"",""Gothic"",""Paranormal"",""Literature"",""19th Century"",""Novels"",""Supernatural""]",5/26/1897
Wild: From Lost to Found on the Pacific Crest Trail,"[""Cheryl Strayed""]",4.06,805273.0,47307.0,"[""Nonfiction"",""Memoir"",""Travel"",""Biography"",""Adventure"",""Audiobook"",""Biography Memoir"",""Nature"",""Autobiography"",""Book Club""]",3/20/2012
The Rosie Project,"[""Graeme Simsion""]",4.02,560654.0,47065.0,"[""Fiction"",""Contemporary"",""Humor"",""Chick Lit"",""Adult"",""Audiobook"",""Adult Fiction"",""Book Club"",""Australia"",""Contemporary Romance""]",1/30/2013
Red Rising,"[""Pierce Brown""]",4.27,459966.0,46992.0,"[""Science Fiction"",""Fantasy"",""Fiction"",""Dystopia"",""Young Adult"",""Audiobook"",""Adult"",""Science Fiction Fantasy"",""Adventure"",""Space""]",1/28/2014
Pachinko,"[""Min Jin Lee""]",4.33,484653.0,46963.0,"[""Historical Fiction"",""Fiction"",""Historical"",""Japan"",""Asia"",""Literary Fiction"",""Audiobook"",""Adult"",""Asian Literature"",""Novels""]",2/7/2017
"Gabriel García Márquez: Celebración, 25o. aniversario de Cien años de soledad (Serie Literatura)","[""Gabriel García Márquez""]",4.11,983047.0,46954.0,"[""Fiction"",""Magical Realism"",""Literature"",""Fantasy"",""Historical Fiction"",""Novels"",""Spanish Literature"",""Literary Fiction"",""Unfinished"",""Modern Classics""]",1/1/1967
The Lovely Bones,"[""Alice Sebold""]",3.85,2367571.0,46871.0,"[""Fiction"",""Mystery"",""Young Adult"",""Contemporary"",""Fantasy"",""Crime"",""Thriller"",""Adult"",""Mystery Thriller"",""Adult Fiction""]",7/3/2002
Ninth House,"[""Leigh Bardugo""]",4.02,318696.0,46704.0,"[""Fantasy"",""Mystery"",""Fiction"",""Horror"",""Paranormal"",""Adult"",""Urban Fantasy"",""Audiobook"",""Contemporary"",""Magic""]",10/8/2019
Norwegian Wood,"[""Haruki Murakami""]",4.01,614439.0,46688.0,"[""Fiction"",""Romance"",""Japan"",""Japanese Literature"",""Classics"",""Novels"",""Literary Fiction"",""Literature"",""Magical Realism"",""Asia""]",9/4/1987
The Hitchhiker’s Guide to the Galaxy,"[""Douglas Adams""]",4.23,1859232.0,46683.0,"[""Science Fiction"",""Fiction"",""Humor"",""Fantasy"",""Comedy"",""Audiobook"",""Science Fiction Fantasy"",""Adventure"",""Classics"",""Novels""]",10/12/1979
Scythe,"[""Neal Shusterman""]",4.33,326398.0,46403.0,"[""Fantasy"",""Young Adult"",""Dystopia"",""Science Fiction"",""Fiction"",""Audiobook"",""Romance"",""Young Adult Fantasy"",""Teen"",""Death""]",11/22/2016
The Elite,"[""Kiera Cass""]",3.95,783657.0,46331.0,"[""Romance"",""Young Adult"",""Dystopia"",""Fantasy"",""Fiction"",""Audiobook"",""Science Fiction"",""Teen"",""Young Adult Fantasy"",""Young Adult Romance""]",4/23/2013
Call Me By Your Name,"[""André Aciman""]",4.1,504020.0,46032.0,"[""Fiction"",""LGBT"",""Queer"",""Contemporary"",""Audiobook"",""Gay"",""Young Adult"",""Coming Of Age"",""Adult"",""Literary Fiction""]",1/23/2007
milk and honey,"[""Rupi Kaur""]",3.98,735595.0,45996.0,"[""Feminism"",""Nonfiction"",""Poetry"",""Contemporary"",""Adult"",""Romance"",""Mental Health"",""Audiobook"",""Canada"",""Womens""]",11/4/2014
Before We Were Yours,"[""Lisa Wingate""]",4.4,620232.0,45554.0,"[""Historical Fiction"",""Fiction"",""Audiobook"",""Historical"",""Book Club"",""Adult"",""Adult Fiction"",""Family"",""Contemporary"",""Adoption""]",6/6/2017
A Darker Shade of Magic,"[""Victoria Schwab""]",4.05,370107.0,45551.0,"[""Fantasy"",""Fiction"",""Young Adult"",""Magic"",""Adult"",""Audiobook"",""Adventure"",""Historical Fiction"",""Urban Fantasy"",""Young Adult Fantasy""]",2/24/2015
Eclipse,"[""Stephenie Meyer""]",3.73,1829192.0,45540.0,"[""Young Adult"",""Romance"",""Vampires"",""Fiction"",""Paranormal"",""Paranormal Romance"",""Supernatural"",""Werewolves"",""Urban Fantasy"",""Teen""]",8/7/2007
A Discovery of Witches,"[""Deborah Harkness""]",4.02,496551.0,45456.0,"[""Fantasy"",""Romance"",""Fiction"",""Paranormal"",""Vampires"",""Witches"",""Magic"",""Urban Fantasy"",""Paranormal Romance"",""Supernatural""]",2/8/2011
The One,"[""Kiera Cass""]",4.15,697583.0,45134.0,"[""Romance"",""Young Adult"",""Dystopia"",""Fantasy"",""Fiction"",""Audiobook"",""Science Fiction"",""Young Adult Fantasy"",""Teen"",""Chick Lit""]",5/6/2014
Dark Places,"[""Gillian Flynn""]",3.95,760450.0,44751.0,"[""Mystery"",""Fiction"",""Thriller"",""Mystery Thriller"",""Crime"",""Suspense"",""Audiobook"",""Horror"",""Adult"",""Contemporary""]",4/25/2009
The Poppy War,"[""R.F. Kuang""]",4.17,277442.0,44444.0,"[""Fantasy"",""Fiction"",""Historical Fiction"",""Adult"",""Historical"",""High Fantasy"",""Audiobook"",""Young Adult"",""War"",""Magic""]",5/1/2018
The Art of Racing in the Rain,"[""Garth Stein""]",4.23,524212.0,44384.0,"[""Fiction"",""Animals"",""Dogs"",""Audiobook"",""Adult Fiction"",""Adult"",""Book Club"",""Contemporary"",""Novels"",""Family""]",5/13/2008
The Host,"[""Stephenie Meyer""]",3.86,1011597.0,44071.0,"[""Young Adult"",""Fantasy"",""Science Fiction"",""Romance"",""Fiction"",""Dystopia"",""Paranormal"",""Aliens"",""Adult"",""Paranormal Romance""]",5/6/2008
The Metamorphosis,"[""Franz Kafka""]",3.87,1082409.0,43680.0,"[""Fiction"",""Fantasy"",""Philosophy"",""Literature"",""Short Stories"",""School"",""Horror"",""German Literature"",""Novels"",""Magical Realism""]",10/1/1915
The Last Olympian,"[""Rick Riordan""]",4.55,1021369.0,43254.0,"[""Fantasy"",""Young Adult"",""Mythology"",""Fiction"",""Middle Grade"",""Adventure"",""Greek Mythology"",""Urban Fantasy"",""Childrens"",""Audiobook""]",5/5/2009
The Woman in Cabin 10,"[""Ruth Ware""]",3.73,631028.0,42952.0,"[""Mystery"",""Thriller"",""Fiction"",""Mystery Thriller"",""Suspense"",""Audiobook"",""Adult"",""Crime"",""Contemporary"",""Adult Fiction""]",6/30/2016
Clockwork Angel,"[""Cassandra Clare""]",4.31,835954.0,42792.0,"[""Fantasy"",""Young Adult"",""Romance"",""Paranormal"",""Steampunk"",""Historical Fiction"",""Fiction"",""Urban Fantasy"",""Vampires"",""Young Adult Fantasy""]",8/31/2010
Bossypants,"[""Tina Fey""]",3.96,1011975.0,42731.0,"[""Nonfiction"",""Memoir"",""Humor"",""Biography"",""Audiobook"",""Comedy"",""Autobiography"",""Biography Memoir"",""Feminism"",""Adult""]",4/5/2011
The Raven Boys,"[""Maggie Stiefvater""]",4.05,371557.0,42536.0,"[""Fantasy"",""Young Adult"",""Paranormal"",""Romance"",""Fiction"",""Urban Fantasy"",""Magic"",""Audiobook"",""Young Adult Fantasy"",""Supernatural""]",9/18/2012
The Husband's Secret,"[""Liane Moriarty""]",3.95,678604.0,42332.0,"[""Fiction"",""Mystery"",""Chick Lit"",""Contemporary"",""Audiobook"",""Adult"",""Thriller"",""Mystery Thriller"",""Adult Fiction"",""Book Club""]",3/1/2015
De dagboeken van Anne Frank,"[""Anne Frank""]",4.19,3778208.0,42297.0,"[""Classics"",""Nonfiction"",""Biography"",""Memoir"",""Historical"",""Holocaust"",""Autobiography"",""War"",""School"",""World War II""]",1/1/1947
A Monster Calls,"[""Patrick Ness""]",4.35,268117.0,42060.0,"[""Fantasy"",""Young Adult"",""Fiction"",""Horror"",""Middle Grade"",""Contemporary"",""Magical Realism"",""Childrens"",""Paranormal"",""Death""]",5/5/2011
Pretty Girls,"[""Karin Slaughter""]",4.04,441798.0,42029.0,"[""Thriller"",""Mystery"",""Fiction"",""Mystery Thriller"",""Audiobook"",""Crime"",""Suspense"",""Horror"",""Adult"",""Contemporary""]",7/2/2015
If I Stay,"[""Gayle Forman""]",3.92,914163.0,41934.0,"[""Young Adult"",""Romance"",""Contemporary"",""Fiction"",""Realistic Fiction"",""Teen"",""Music"",""Death"",""Drama"",""Audiobook""]",4/2/2009
The Duke and I,"[""Julia Quinn""]",3.8,545705.0,41649.0,"[""Historical Romance"",""Historical Fiction"",""Historical"",""Fiction"",""Audiobook"",""Adult"",""Regency"",""Romance"",""Chick Lit"",""Regency Romance""]",1/5/2000
The Immortal Life of Henrietta Lacks,"[""Rebecca Skloot""]",4.12,742603.0,41337.0,"[""Nonfiction"",""Science"",""History"",""Biography"",""Medicine"",""Audiobook"",""Medical"",""Book Club"",""Biography Memoir"",""Race""]",2/2/2010
"Good Omens: The Nice and Accurate Prophecies of Agnes Nutter, Witch","[""Terry Pratchett""]",4.26,759392.0,41242.0,"[""Fantasy"",""Fiction"",""Humor"",""Audiobook"",""Comedy"",""Urban Fantasy"",""Science Fiction Fantasy"",""Adult"",""Science Fiction"",""Supernatural""]",5/10/1990
Murder on the Orient Express,"[""Agatha Christie""]",4.2,633243.0,41151.0,"[""Mystery"",""Fiction"",""Crime"",""Mystery Thriller"",""Thriller"",""Audiobook"",""Detective"",""Adult"",""Murder Mystery"",""Novels""]",1/1/1934
Rebecca,"[""Daphne du Maurier""]",4.24,637215.0,41109.0,"[""Fiction"",""Mystery"",""Gothic"",""Romance"",""Classics"",""Historical Fiction"",""Thriller"",""Horror"",""Mystery Thriller"",""Audiobook""]",8/1/1938
Lolita,"[""Vladimir Nabokov""]",3.88,859319.0,41086.0,"[""Fiction"",""Literature"",""Russia"",""Novels"",""Romance"",""Russian Literature"",""Literary Fiction"",""20th Century"",""Adult"",""Modern Classics""]",9/1/1955
We'll Always Have Summer,"[""Jenny Han""]",3.8,468971.0,41016.0,"[""Romance"",""Young Adult"",""Contemporary"",""Fiction"",""Audiobook"",""Young Adult Romance"",""Chick Lit"",""Realistic Fiction"",""Young Adult Contemporary"",""Contemporary Romance""]",4/26/2011
The Fellowship of the Ring,"[""J.R.R. Tolkien""]",4.39,2832469.0,40965.0,"[""Fantasy"",""Classics"",""Fiction"",""Adventure"",""High Fantasy"",""Science Fiction Fantasy"",""Audiobook"",""Epic Fantasy"",""Novels"",""Young Adult""]",7/29/1954
Hopeless,"[""Colleen Hoover""]",4.25,585790.0,40945.0,"[""Romance"",""New Adult"",""Young Adult"",""Contemporary"",""Fiction"",""Contemporary Romance"",""Abuse"",""High School"",""Drama"",""Chick Lit""]",12/18/2012
The Titan’s Curse,"[""Rick Riordan""]",4.37,1075882.0,40932.0,"[""Fantasy"",""Young Adult"",""Mythology"",""Fiction"",""Middle Grade"",""Adventure"",""Greek Mythology"",""Childrens"",""Urban Fantasy"",""Audiobook""]",5/5/2007
Tuesdays with Morrie,"[""Mitch Albom""]",4.18,1042850.0,40901.0,"[""Nonfiction"",""Memoir"",""Biography"",""Classics"",""Inspirational"",""Philosophy"",""Self Help"",""Contemporary"",""Adult"",""Biography Memoir""]",8/18/1997
"The Devil in the White City: Murder, Magic, and Madness at the Fair That Changed America","[""Erik Larson""]",4.0,690543.0,40771.0,"[""Nonfiction"",""History"",""True Crime"",""Crime"",""Historical"",""Mystery"",""Audiobook"",""American History"",""Biography"",""Book Club""]",2/11/2003
Slaughterhouse-Five: Critical Insights,"[""Kurt Vonnegut Jr.""]",4.1,1380169.0,40762.0,"[""Fiction"",""Science Fiction"",""Classics"",""Historical Fiction"",""War"",""Literature"",""Novels"",""Time Travel"",""Fantasy"",""American""]",3/31/1969
The Old Man and the Sea,"[""Ernest Hemingway""]",3.8,1164644.0,40662.0,"[""Classics"",""Fiction"",""Literature"",""Novels"",""School"",""American"",""Adventure"",""Literary Fiction"",""Classic Literature"",""20th Century""]",9/1/1952
The Graveyard Book,"[""Neil Gaiman""]",4.16,543257.0,40379.0,"[""Fantasy"",""Young Adult"",""Fiction"",""Horror"",""Middle Grade"",""Paranormal"",""Childrens"",""Audiobook"",""Ghosts"",""Supernatural""]",9/30/2008
Man’s Search for Meaning,"[""Viktor E. Frankl""]",4.37,729711.0,40342.0,"[""Nonfiction"",""Psychology"",""Philosophy"",""Self Help"",""Memoir"",""Biography"",""Spirituality"",""Holocaust"",""Audiobook"",""Personal Development""]",1/1/1946
Punk 57,"[""Penelope Douglas""]",3.78,429430.0,40192.0,"[""Romance"",""New Adult"",""Contemporary"",""Young Adult"",""Contemporary Romance"",""High School"",""Fiction"",""Dark"",""Adult"",""Audiobook""]",10/18/2016
Clockwork Princess,"[""Cassandra Clare""]",4.56,448772.0,40172.0,"[""Fantasy"",""Young Adult"",""Romance"",""Paranormal"",""Historical Fiction"",""Steampunk"",""Urban Fantasy"",""Fiction"",""Historical"",""Young Adult Fantasy""]",3/19/2013
A Wrinkle in Time,"[""Madeleine L'Engle""]",3.98,1211421.0,39995.0,"[""Fantasy"",""Fiction"",""Classics"",""Young Adult"",""Science Fiction"",""Childrens"",""Middle Grade"",""Time Travel"",""Adventure"",""Audiobook""]",1/1/1962
The Couple Next Door,"[""Shari Lapena""]",3.81,601125.0,39958.0,"[""Thriller"",""Mystery"",""Fiction"",""Mystery Thriller"",""Suspense"",""Audiobook"",""Crime"",""Adult"",""Psychological Thriller"",""Contemporary""]",7/14/2016
The Storied Life of A.J. Fikry: A Novel by Gabrielle Zevin | Digest & Review,"[""Reader's Companions""]",4.03,306636.0,39892.0,"[""Fiction"",""Contemporary"",""Books About Books"",""Adult"",""Romance"",""Adult Fiction"",""Audiobook"",""Literary Fiction"",""Book Club"",""Realistic Fiction""]",4/1/2014
Confess,"[""Colleen Hoover""]",4.09,521776.0,39830.0,"[""Romance"",""New Adult"",""Contemporary"",""Fiction"",""Contemporary Romance"",""Audiobook"",""Young Adult"",""Adult"",""Chick Lit"",""Drama""]",3/10/2015
Anne of Green Gables,"[""L.M. Montgomery""]",4.31,992188.0,39830.0,"[""Classics"",""Fiction"",""Young Adult"",""Historical Fiction"",""Childrens"",""Middle Grade"",""Audiobook"",""Historical"",""Canada"",""Coming Of Age""]",1/1/1908
The Shining,"[""Stephen King""]",4.27,1510101.0,39701.0,"[""Horror"",""Fiction"",""Thriller"",""Classics"",""Fantasy"",""Paranormal"",""Mystery"",""Audiobook"",""Adult"",""Suspense""]",1/28/1977
Inferno,"[""Dan       Brown""]",3.89,553429.0,39433.0,"[""Fiction"",""Thriller"",""Mystery"",""Mystery Thriller"",""Historical Fiction"",""Suspense"",""Adventure"",""Crime"",""Novels"",""Adult""]",5/14/2013
Convenience Store Woman,"[""Sayaka Murata""]",3.69,289213.0,39360.0,"[""Fiction"",""Contemporary"",""Japan"",""Japanese Literature"",""Literary Fiction"",""Audiobook"",""Adult"",""Asia"",""Asian Literature"",""Adult Fiction""]",7/27/2016
Scarlet,"[""Marissa Meyer""]",4.24,424929.0,39350.0,"[""Fantasy"",""Young Adult"",""Science Fiction"",""Romance"",""Dystopia"",""Retellings"",""Fiction"",""Fairy Tales"",""Audiobook"",""Young Adult Fantasy""]",2/5/2013
Maybe Someday,"[""Colleen Hoover""]",4.01,559943.0,38829.0,"[""Romance"",""New Adult"",""Contemporary"",""Fiction"",""Contemporary Romance"",""Young Adult"",""Audiobook"",""Music"",""Chick Lit"",""College""]",4/18/2014
Kafka on the Shore,"[""Haruki Murakami""]",4.13,476941.0,38716.0,"[""Fiction"",""Magical Realism"",""Fantasy"",""Japanese Literature"",""Novels"",""Literature"",""Classics"",""Literary Fiction"",""Asia"",""Asian Literature""]",9/1/2002
Everything I Know About Love,"[""Dolly Alderton""]",4.01,322657.0,38651.0,"[""Nonfiction"",""Memoir"",""Audiobook"",""Romance"",""Self Help"",""Contemporary"",""Biography"",""Feminism"",""Essays"",""Autobiography""]",2/1/2018
Vicious,"[""Victoria Schwab""]",4.21,250029.0,38631.0,"[""Fantasy"",""Science Fiction"",""Fiction"",""Adult"",""Paranormal"",""Urban Fantasy"",""Young Adult"",""Thriller"",""Audiobook"",""Adult Fiction""]",9/24/2013
Crazy Rich Asians,"[""Kevin Kwan""]",3.9,497046.0,38486.0,"[""Fiction"",""Romance"",""Contemporary"",""Chick Lit"",""Audiobook"",""Adult"",""Humor"",""Adult Fiction"",""Asia"",""Realistic Fiction""]",6/11/2013
Night,"[""Elie Wiesel""]",4.37,1257922.0,38402.0,"[""Nonfiction"",""Classics"",""Memoir"",""Holocaust"",""Biography"",""School"",""Historical"",""War"",""World War II"",""Read For School""]",1/1/1956
The Light Between Oceans,"[""M.L. Stedman""]",4.04,460627.0,38198.0,"[""Fiction"",""Historical Fiction"",""Historical"",""Australia"",""Book Club"",""Romance"",""Adult"",""Adult Fiction"",""Audiobook"",""Drama""]",3/20/2012
Simon vs. the Homo Sapiens Agenda,"[""Becky Albertalli""]",4.16,439523.0,38075.0,"[""Young Adult"",""Romance"",""LGBT"",""Contemporary"",""Fiction"",""Queer"",""Realistic Fiction"",""Coming Of Age"",""Gay"",""Young Adult Contemporary""]",4/7/2015
The Pillars of the Earth,"[""Ken Follett""]",4.34,769913.0,37971.0,"[""Historical Fiction"",""Fiction"",""Historical"",""Fantasy"",""Classics"",""Medieval"",""Audiobook"",""Novels"",""British Literature"",""Adult""]",10/1/1989
My Sister’s Keeper,"[""Jodi Picoult""]",4.1,1225735.0,37874.0,"[""Fiction"",""Chick Lit"",""Young Adult"",""Drama"",""Adult"",""Adult Fiction"",""Realistic Fiction"",""Contemporary"",""Family"",""Novels""]",4/6/2004
Coraline,"[""Neil Gaiman""]",4.12,702920.0,37815.0,"[""Fantasy"",""Horror"",""Fiction"",""Young Adult"",""Middle Grade"",""Childrens"",""Paranormal"",""Mystery"",""Classics"",""Adventure""]",7/2/2002
The Cuckoo's Calling,"[""Robert Galbraith""]",3.89,586699.0,37787.0,"[""Mystery"",""Fiction"",""Crime"",""Thriller"",""Mystery Thriller"",""Audiobook"",""Detective"",""Adult"",""Contemporary"",""Adult Fiction""]",4/18/2013
The Boy in the Striped Pajamas,"[""John Boyne""]",4.16,843639.0,37776.0,"[""Historical Fiction"",""Fiction"",""Young Adult"",""Historical"",""Holocaust"",""War"",""World War II"",""School"",""Middle Grade"",""Childrens""]",1/1/2006
Crime and Punishment,"[""Fyodor Dostoevsky""]",4.27,918191.0,37739.0,"[""Fiction"",""Russia"",""Literature"",""Russian Literature"",""Philosophy"",""Novels"",""Crime"",""19th Century"",""Classic Literature"",""School""]",1/1/1866
Homegoing,"[""Yaa Gyasi""]",4.47,348147.0,37535.0,"[""Historical Fiction"",""Fiction"",""Africa"",""Historical"",""Literary Fiction"",""Audiobook"",""Race"",""Adult"",""Ghana"",""Book Club""]",6/7/2016
Millénium 2 - la fille qui rêvait d'un bidon d'essence et d'une allumette - fermeture et bascule vers 9782330055875: Millénium 2 (v. 2),"[""Stieg Larsson""]",4.25,928962.0,37475.0,"[""Fiction"",""Mystery"",""Thriller"",""Crime"",""Mystery Thriller"",""Suspense"",""Contemporary"",""Sweden"",""Adult"",""Audiobook""]",1/1/2006
The Way of Kings,"[""Brandon Sanderson""]",4.66,508727.0,37087.0,"[""Fantasy"",""Fiction"",""Epic Fantasy"",""High Fantasy"",""Audiobook"",""Adult"",""Science Fiction Fantasy"",""Magic"",""Epic"",""Adventure""]",8/31/2010
Carry On,"[""Rainbow Rowell""]",4.17,315147.0,37063.0,"[""Fantasy"",""Young Adult"",""Romance"",""LGBT"",""Fiction"",""Queer"",""Magic"",""Vampires"",""Audiobook"",""Young Adult Fantasy""]",10/6/2015
City of Ashes,"[""Cassandra Clare""]",4.11,941262.0,37025.0,"[""Fantasy"",""Young Adult"",""Romance"",""Paranormal"",""Urban Fantasy"",""Fiction"",""Vampires"",""Supernatural"",""Young Adult Fantasy"",""Magic""]",8/7/2008
It's Not Summer Without You,"[""Jenny Han""]",3.78,535969.0,36703.0,"[""Romance"",""Young Adult"",""Contemporary"",""Fiction"",""Audiobook"",""Young Adult Romance"",""Chick Lit"",""Realistic Fiction"",""Young Adult Contemporary"",""Contemporary Romance""]",4/27/2010
It,"[""Stephen King""]",4.24,1126724.0,36471.0,"[""Horror"",""Fiction"",""Thriller"",""Fantasy"",""Classics"",""Audiobook"",""Mystery"",""Adult"",""Paranormal"",""Supernatural""]",9/15/1986
Memoirs of a Geisha,"[""Arthur Golden""]",4.15,2013199.0,36370.0,"[""Fiction"",""Historical Fiction"",""Romance"",""Historical"",""Japan"",""Adult"",""Novels"",""Asia"",""Adult Fiction"",""Contemporary""]",9/23/1997
Killers of the Flower Moon: The Osage Murders and the Birth of the FBI,"[""David Grann""]",4.15,360056.0,36224.0,"[""Nonfiction"",""History"",""True Crime"",""Crime"",""Audiobook"",""Mystery"",""Historical"",""American History"",""Book Club"",""Adult""]",4/18/2017
Matched,"[""Ally Condie""]",3.62,784634.0,36160.0,"[""Young Adult"",""Dystopia"",""Romance"",""Science Fiction"",""Fantasy"",""Fiction"",""Teen"",""Audiobook"",""Futuristic"",""Post Apocalyptic""]",11/30/2010
Anna Karenina,"[""Leo Tolstoy""]",4.09,857124.0,36111.0,"[""Fiction"",""Romance"",""Russia"",""Historical Fiction"",""Russian Literature"",""Literature"",""Novels"",""Historical"",""19th Century"",""Classic Literature""]",1/1/1878
The Battle of the Labyrinth,"[""Rick Riordan""]",4.42,1100447.0,36025.0,"[""Fantasy"",""Young Adult"",""Mythology"",""Fiction"",""Middle Grade"",""Adventure"",""Greek Mythology"",""Childrens"",""Urban Fantasy"",""Audiobook""]",3/6/2008
Anna and the French Kiss,"[""Stephanie Perkins""]",3.97,453660.0,36022.0,"[""Romance"",""Young Adult"",""Contemporary"",""Fiction"",""Chick Lit"",""Realistic Fiction"",""Contemporary Romance"",""Young Adult Contemporary"",""Young Adult Romance"",""Teen""]",12/2/2010
The Secret Life of Bees,"[""Sue Monk Kidd""]",4.09,1298713.0,35982.0,"[""Fiction"",""Historical Fiction"",""Classics"",""Young Adult"",""Historical"",""Contemporary"",""Adult Fiction"",""Coming Of Age"",""Adult"",""Novels""]",11/8/2001
The Shack,"[""William Paul Young""]",3.83,655369.0,35838.0,"[""Fiction"",""Christian"",""Christian Fiction"",""Spirituality"",""Faith"",""Religion"",""Inspirational"",""Christianity"",""Fantasy"",""Adult Fiction""]",5/1/2007
Legendary,"[""Stephanie Garber""]",4.16,276295.0,35702.0,"[""Fantasy"",""Young Adult"",""Romance"",""Young Adult Fantasy"",""Magic"",""Fiction"",""Audiobook"",""Mystery"",""Fantasy Romance"",""Adventure""]",5/29/2018
An Ember in the Ashes,"[""Sabaa Tahir""]",4.25,298329.0,35112.0,"[""Fantasy"",""Young Adult"",""Romance"",""Fiction"",""Young Adult Fantasy"",""Dystopia"",""High Fantasy"",""Audiobook"",""Magic"",""Adventure""]",4/28/2015
The Three-Body Problem,"[""Liu Cixin""]",4.09,361672.0,34961.0,"[""Science Fiction"",""Fiction"",""China"",""Fantasy"",""Audiobook"",""Science Fiction Fantasy"",""Aliens"",""Novels"",""Speculative Fiction"",""Adult""]",5/1/2006
The Alice Network,"[""Kate Quinn""]",4.32,504709.0,34836.0,"[""Historical Fiction"",""Fiction"",""Historical"",""Audiobook"",""World War II"",""War"",""Adult"",""France"",""Book Club"",""Mystery""]",6/6/2017
City of Glass,"[""Cassandra Clare""]",4.28,967843.0,34704.0,"[""Fantasy"",""Young Adult"",""Romance"",""Paranormal"",""Urban Fantasy"",""Fiction"",""Vampires"",""Supernatural"",""Young Adult Fantasy"",""Magic""]",3/24/2009
Beautiful Disaster,"[""Jamie McGuire""]",4.01,687776.0,34619.0,"[""Romance"",""New Adult"",""Contemporary"",""Young Adult"",""Contemporary Romance"",""College"",""Fiction"",""Chick Lit"",""Adult"",""Love""]",5/26/2011
The Lost Hero,"[""Rick Riordan""]",4.3,858003.0,34568.0,"[""Fantasy"",""Mythology"",""Young Adult"",""Fiction"",""Middle Grade"",""Adventure"",""Greek Mythology"",""Urban Fantasy"",""Childrens"",""Young Adult Fantasy""]",10/12/2010
Flowers for Algernon,"[""Daniel Keyes""]",4.21,682045.0,34554.0,"[""Fiction"",""Classics"",""Science Fiction"",""Young Adult"",""Psychology"",""Literature"",""School"",""Novels"",""Adult"",""Read For School""]",4/1/1966
Daughter of Smoke & Bone,"[""Laini Taylor""]",3.99,371437.0,34317.0,"[""Fantasy"",""Young Adult"",""Romance"",""Paranormal"",""Urban Fantasy"",""Angels"",""Fiction"",""Magic"",""Young Adult Fantasy"",""Supernatural""]",9/27/2011
Angels & Demons,"[""Dan       Brown""]",3.94,3216482.0,34184.0,"[""Fiction"",""Mystery"",""Thriller"",""Mystery Thriller"",""Suspense"",""Adventure"",""Crime"",""Historical Fiction"",""Novels"",""Adult""]",5/1/2000
Hillbilly Elegy: A Memoir of a Family and Culture in Crisis,"[""J.D. Vance""]",3.86,415624.0,34144.0,"[""Nonfiction"",""Memoir"",""Biography"",""Audiobook"",""Politics"",""Biography Memoir"",""Sociology"",""History"",""Autobiography"",""Adult""]",6/28/2016
"The Lion, the Witch and the Wardrobe","[""C.S. Lewis""]",4.24,2830981.0,34094.0,"[""Fantasy"",""Fiction"",""Young Adult"",""Childrens"",""Classics"",""Middle Grade"",""Adventure"",""Christian"",""Magic"",""Christian Fiction""]",10/16/1950
Cress,"[""Marissa Meyer""]",4.41,373375.0,34031.0,"[""Fantasy"",""Young Adult"",""Science Fiction"",""Romance"",""Retellings"",""Dystopia"",""Fiction"",""Fairy Tales"",""Audiobook"",""Adventure""]",2/4/2014
Heartless,"[""Marissa Meyer""]",4.09,204854.0,33881.0,"[""Fantasy"",""Young Adult"",""Romance"",""Retellings"",""Fiction"",""Young Adult Fantasy"",""Audiobook"",""Fairy Tales"",""Magic"",""Fairy Tale Retellings""]",11/8/2016
The Priory of the Orange Tree,"[""Samantha    Shannon""]",4.2,211740.0,33787.0,"[""Fantasy"",""Fiction"",""LGBT"",""Queer"",""Lesbian"",""Dragons"",""Romance"",""Adult"",""High Fantasy"",""Magic""]",2/26/2019
Emma,"[""Jane Austen""]",4.05,895426.0,33756.0,"[""Fiction"",""Historical Fiction"",""Literature"",""Historical"",""Audiobook"",""19th Century"",""Classic Literature"",""Novels"",""British Literature"",""Historical Romance""]",12/23/1815
An Ember in the Ashes,"[""Sabaa Tahir""]",4.25,287184.0,33723.0,"[""Fantasy"",""Young Adult"",""Romance"",""Fiction"",""Young Adult Fantasy"",""Dystopia"",""High Fantasy"",""Audiobook"",""Magic"",""Adventure""]",4/28/2015
Persuasion,"[""Jane Austen""]",4.15,709553.0,33692.0,"[""Fiction"",""Classics"",""Historical Fiction"",""Historical"",""Literature"",""Audiobook"",""19th Century"",""Historical Romance"",""Classic Literature"",""British Literature""]",12/20/1817
And the Mountains Echoed,"[""Khaled Hosseini""]",4.07,374595.0,32982.0,"[""Fiction"",""Historical Fiction"",""Contemporary"",""Novels"",""Historical"",""Literary Fiction"",""Adult"",""Adult Fiction"",""Book Club"",""Drama""]",2/29/2012
The Wife Between Us,"[""Greer Hendricks""]",3.84,398901.0,32910.0,"[""Thriller"",""Fiction"",""Mystery"",""Mystery Thriller"",""Audiobook"",""Suspense"",""Adult"",""Psychological Thriller"",""Contemporary"",""Adult Fiction""]",1/2/2018
Go Set a Watchman,"[""Harper Lee""]",3.31,275798.0,32870.0,"[""Fiction"",""Historical Fiction"",""Classics"",""Audiobook"",""Historical"",""Adult"",""Adult Fiction"",""Literature"",""Literary Fiction"",""Novels""]",7/14/2015
Outliers: by Malcolm Gladwell | The Story of Success | Summary & Takeaways,"[""Malcolm Gladwell""]",4.19,794964.0,32831.0,"[""Nonfiction"",""Psychology"",""Business"",""Self Help"",""Sociology"",""Science"",""Audiobook"",""Personal Development"",""Leadership"",""Economics""]",11/18/2008
Small Great Things,"[""Jodi Picoult""]",4.36,382058.0,32805.0,"[""Fiction"",""Contemporary"",""Audiobook"",""Adult"",""Adult Fiction"",""Book Club"",""Race"",""Realistic Fiction"",""Drama"",""Literary Fiction""]",1/1/2016
The Life-Changing Magic of Tidying Up: The Japanese Art of Decluttering and Organizing,"[""Marie Kondō""]",3.87,368744.0,32766.0,"[""Nonfiction"",""Self Help"",""Audiobook"",""Personal Development"",""Psychology"",""Japan"",""Productivity"",""Reference"",""How To"",""Adult""]",12/27/2010
Ромео и Джульетта. Сонеты,"[""William Shakespeare""]",3.74,2628240.0,32646.0,"[""Plays"",""Fiction"",""Classics"",""School"",""Read For School"",""Literature"",""High School"",""Poetry"",""Classic Literature"",""Tragedy""]",1/1/1597
The Casual Vacancy,"[""J.K. Rowling""]",3.3,329907.0,32641.0,"[""Fiction"",""Contemporary"",""Mystery"",""Adult"",""Adult Fiction"",""Drama"",""Unfinished"",""British Literature"",""Novels"",""Audiobook""]",9/27/2012
The Sun Is Also a Star,"[""Nicola Yoon""]",3.97,333084.0,32587.0,"[""Romance"",""Young Adult"",""Contemporary"",""Fiction"",""Audiobook"",""Realistic Fiction"",""Young Adult Contemporary"",""Teen"",""Young Adult Romance"",""Contemporary Romance""]",11/1/2016
Restore Me,"[""Tahereh Mafi""]",4.16,283967.0,32399.0,"[""Fantasy"",""Dystopia"",""Romance"",""Young Adult"",""Science Fiction"",""Fiction"",""Young Adult Fantasy"",""New Adult"",""Audiobook"",""Paranormal""]",3/6/2018
Orphan Train,"[""Christina Baker Kline""]",4.19,444607.0,32327.0,"[""Historical Fiction"",""Fiction"",""Historical"",""Book Club"",""Adult"",""Adult Fiction"",""Young Adult"",""Audiobook"",""Contemporary"",""Adoption""]",4/2/2013
A Christmas Carol,"[""Charles Dickens""]",4.08,846219.0,32239.0,"[""Fiction"",""Christmas"",""Classics"",""Fantasy"",""Audiobook"",""Literature"",""Historical Fiction"",""Holiday"",""School"",""19th Century""]",12/17/1843
What Alice Forgot,"[""Liane Moriarty""]",4.08,473387.0,32105.0,"[""Fiction"",""Chick Lit"",""Contemporary"",""Romance"",""Audiobook"",""Mystery"",""Adult"",""Adult Fiction"",""Book Club"",""Australia""]",5/1/2010
The Count of Monte Cristo,"[""Alexandre Dumas""]",4.3,923433.0,32100.0,"[""Classics"",""Fiction"",""Historical Fiction"",""Adventure"",""Literature"",""Historical"",""France"",""Novels"",""Romance"",""Classic Literature""]",8/28/1844
The Underground Railroad,"[""Colson Whitehead""]",4.06,405070.0,32093.0,"[""Historical Fiction"",""Fiction"",""Historical"",""Audiobook"",""Race"",""Literary Fiction"",""African American"",""Novels"",""Adult"",""Adult Fiction""]",8/2/2016
Winter,"[""Marissa Meyer""]",4.42,283374.0,32092.0,"[""Young Adult"",""Science Fiction"",""Romance"",""Retellings"",""Dystopia"",""Fiction"",""Fairy Tales"",""Audiobook"",""Young Adult Fantasy"",""Adventure""]",11/10/2015
I'll Give You the Sun,"[""Jandy Nelson""]",4.16,338526.0,31929.0,"[""Young Adult"",""Contemporary"",""Romance"",""Fiction"",""LGBT"",""Queer"",""Realistic Fiction"",""Coming Of Age"",""Young Adult Contemporary"",""Family""]",9/16/2014
The 5th Wave,"[""Rick Yancey""]",4.01,460178.0,31792.0,"[""Young Adult"",""Science Fiction"",""Dystopia"",""Fiction"",""Fantasy"",""Aliens"",""Romance"",""Post Apocalyptic"",""Audiobook"",""Apocalyptic""]",5/7/2013
Clockwork Prince,"[""Cassandra Clare""]",4.42,556299.0,31672.0,"[""Fantasy"",""Young Adult"",""Romance"",""Paranormal"",""Steampunk"",""Historical Fiction"",""Urban Fantasy"",""Fiction"",""Young Adult Fantasy"",""Historical""]",12/6/2011
Emma,"[""Jane Austen""]",4.05,869689.0,31535.0,"[""Classics"",""Fiction"",""Romance"",""Historical Fiction"",""Literature"",""Historical"",""Audiobook"",""19th Century"",""Classic Literature"",""Novels""]",12/23/1815
The Hero of Ages,"[""Brandon Sanderson""]",4.54,440296.0,31532.0,"[""Fantasy"",""Fiction"",""Epic Fantasy"",""High Fantasy"",""Adult"",""Audiobook"",""Magic"",""Science Fiction Fantasy"",""Adventure"",""Young Adult""]",10/14/2008
The Girl Who Kicked the Hornet’s Nest,"[""Stieg Larsson""]",4.24,739488.0,31531.0,"[""Fiction"",""Mystery"",""Thriller"",""Crime"",""Mystery Thriller"",""Suspense"",""Contemporary"",""Sweden"",""Audiobook"",""Adult""]",5/1/2007
Speak,"[""Laurie Halse Anderson""]",4.05,597043.0,31456.0,"[""Young Adult"",""Fiction"",""Contemporary"",""Realistic Fiction"",""Mental Health"",""Coming Of Age"",""Teen"",""High School"",""School"",""Banned Books""]",10/22/1999
